"# Data (c) OpenStreetMap contributors, ODbL (https://www.openstreetmap.org/copyright)"
code,name,type,province,district,cityCode,latitude,longitude,osmId,needsReview
TR_ANTALYA_BALIKCI_BARINAGI_PLAJI,Balıkçı Barınağı Plajı,FISHING_HARBOR,Antalya,,07,36.7993858,30.5769248,r13325054,False
TR_ANTALYA_ALANYA_LIMANI,Alanya Limanı,MARINA,Antalya,,07,36.5395109,32.0033936,n823443291,False
TR_ANTALYA_ALANYA_MARINA,Alanya Marina,MARINA,Antalya,,07,36.5587401,31.9490781,w824089212,False
TR_ANTALYA_ANTALYA_YAT_LIMANI_OLD_HARBOR,Antalya Yat Limanı / Old Harbor,MARINA,Antalya,,07,36.8843625,30.7021496,n1420290795,False
TR_ANTALYA_GAZIPASA_GOLD_MARINA,Gazipaşa Gold Marina,MARINA,Antalya,,07,36.2646036,32.2788435,w1473627805,False
TR_ANTALYA_KAS_LIMANI,Kaş Limanı,MARINA,Antalya,,07,36.1979701,29.6415749,w292728298,False
TR_ANT_KEMER,Kemer Marina,MARINA,Antalya,,07,36.6008739,30.5727155,w176919553,True
TR_ANTALYA_MARINA_N1988292649,Marina (Antalya),MARINA,Antalya,,07,36.5389108,32.004377,n1988292649,True
TR_ANTALYA_MARINA_N310523316,Marina (Antalya),MARINA,Antalya,,07,36.2623867,29.4141342,n310523316,True
TR_ANTALYA_MARINA_N8199231314,Marina (Antalya),MARINA,Antalya,,07,36.2612216,30.0676431,n8199231314,True
TR_ANTALYA_MARINA_N10197695318,Marina (Antalya),MARINA,Antalya,,07,36.5206385,30.5464624,n10197695318,True
TR_ANTALYA_MARINA_N1381863003,Marina (Antalya),MARINA,Antalya,,07,36.7269632,30.5627538,n1381863003,True
TR_ANTALYA_MARINA_N1822037335,Marina (Antalya),MARINA,Antalya,,07,36.1960851,29.8474053,n1822037335,True
TR_ANTALYA_MARINA_N2482113024,Marina (Antalya),MARINA,Antalya,,07,36.8533867,31.0400824,n2482113024,True
TR_ANTALYA_MARINA_N11549102271,Marina (Antalya),MARINA,Antalya,,07,36.5195628,30.5409675,n11549102271,True
TR_ANTALYA_PORT_AKDENIZ,Port Akdeniz,MARINA,Antalya,,07,36.8348394,30.6152826,n823424423,False
TR_ANT_KALEICI,Setur Antalya Yat Limanı,MARINA,Antalya,,07,36.8329224,30.6056838,w1474146821,True
TR_ANTALYA_SETUR_DEMRE_YAT_LIMANI,Setur Demre Yat Limanı,MARINA,Antalya,,07,36.2141784,29.9848178,w1474171481,False
TR_ANT_FINIKE,Setur Finike Yat  Limanı,MARINA,Antalya,,07,36.2939938,30.1503276,w951505807,False
TR_ANTALYA_SETUR_KAS_MARINA,Setur Kaş Marina,MARINA,Antalya,,07,36.2038591,29.6299053,w951507333,False
TR_ANTALYA_YAT_PARK_YERI,Yat park yeri,MARINA,Antalya,,07,36.5362798,30.5568398,n11549101969,False
TR_ANTALYA_CAYAGZI,Çayağzı,MARINA,Antalya,,07,36.2239274,29.942127,w881669780,False
TR_ANTALYA,Морской порт Марина,MARINA,Antalya,,07,36.5996859,30.5732643,n14118634102,False
TR_AYDIN_DIDIM_AKBUK_BALIKCI_BARINAGI,Didim-Akbük Balıkçı Barınağı,FISHING_HARBOR,Aydın,,09,37.3859674,27.4309854,w860989500,False
TR_AYD_DIDIM,D - Marin Didim,MARINA,Aydın,,09,37.3376024,27.261736,w1098286233,True
TR_AYDIN_DAVUTLAR_LIMANI,Davutlar Limanı,MARINA,Aydın,,09,37.7467697,27.2516424,n5896567130,False
TR_AYDIN_GUZELCAMLI_LIMANI,Güzelçamlı Limanı,MARINA,Aydın,,09,37.7199305,27.2250772,n2994554763,False
TR_AYDIN_MARINA_N13942090811,Marina (Aydın),MARINA,Aydın,,09,37.9101675,27.2628565,n13942090811,True
TR_AYDIN_MARINA_W58203142,Marina (Aydın),MARINA,Aydın,,09,37.3500995,27.2753098,w58203142,True
TR_AYD_KUSADASI,Setur Kuşadası Marina,MARINA,Aydın,,09,37.870377,27.2618195,w552566304,True
TR_AYDIN_YAT_TURLARI,Yat turları,MARINA,Aydın,,09,37.8620288,27.2494892,n4233999097,False
TR_BALIKESIR_BANDIRMA_BALIKCI_BARINAGI,Bandırma Balıkçı Barınağı,FISHING_HARBOR,Balıkesir,,10,40.3616966,27.9758342,w280136981,False
TR_BALIKESIR_AKCAY_YAT_LIMANI,Akçay Yat Limanı,MARINA,Balıkesir,,10,39.5841311,26.8817913,n5623614143,False
TR_BAL_AYVALIK,Ayvalık Marina,MARINA,Balıkesir,,10,39.3130845,26.6863859,w274096559,False
TR_BALIKESIR_BANDIRMA_LIMAN_SAHASI,Bandırma Liman Sahası,MARINA,Balıkesir,,10,40.3547506,27.9604401,w887815257,False
TR_BALIKESIR_BURHANIYE_YAT_LIMANI,Burhaniye Yat Limanı,MARINA,Balıkesir,,10,39.4847003,26.9267037,n4861750695,False
TR_BALIKESIR_MARINA_W280136979,Marina (Balıkesir),MARINA,Balıkesir,,10,40.3540559,27.9679444,w280136979,True
TR_BALIKESIR_MARINA_W280136980,Marina (Balıkesir),MARINA,Balıkesir,,10,40.3565291,27.9681475,w280136980,True
TR_BALIKESIR_MARINA_N4965260056,Marina (Balıkesir),MARINA,Balıkesir,,10,39.3934966,26.8039227,n4965260056,True
TR_BALIKESIR_MARINA_W904428808,Marina (Balıkesir),MARINA,Balıkesir,,10,40.3550782,27.9682224,w904428808,True
TR_BALIKESIR_MARINA_W908830766,Marina (Balıkesir),MARINA,Balıkesir,,10,40.3949069,27.7893215,w908830766,True
TR_BALIKESIR_MISAKCA_LIMANI,Misakça Limanı,MARINA,Balıkesir,,10,40.3099321,27.6718624,w1112263529,False
TR_BARTIN_AMASRA_BUYUK_LIMANI,Amasra Büyük Limanı,MARINA,Bartın,,,41.7458188,32.3928481,r7444939,False
TR_BARTIN_AMASRA_TARLAAGZI_LIMANI,Amasra Tarlaağzı Limanı,MARINA,Bartın,Amasra / Bartın,,41.7231391,32.3366318,w313363041,False
TR_BARTIN_KURUCASILE_LIMANI,Kurucaşile Limanı,MARINA,Bartın,,,41.8461409,32.723319,n11573214388,False
TR_BARTIN_KUCUK_LIMAN,Küçük Liman,MARINA,Bartın,,,41.7486662,32.3839592,n5014382855,False
TR_BITLIS_AHLAT_YAT_LIMANI,Ahlat Yat Limanı,MARINA,Bitlis,,,38.7535412,42.5058279,w1186666283,False
TR_BOLU_YENICAGA_ISKELESI,Yeniçağa İskelesi,MARINA,Bolu,,,40.7738581,32.0302033,n11017292607,False
TR_BURSA_BUYUKKUMLA_ISKELESI,Büyükkumla İskelesi,MARINA,Bursa,,,40.4767613,29.0837683,n2794622004,False
TR_BURSA_GUZELYALI_YAT_LIMANI,Güzelyalı Yat Limani,MARINA,Bursa,,,40.3560226,28.9303421,n11450096002,False
TR_BURSA_KARACAALI_ISKELESI,Karacaali İskelesi,MARINA,Bursa,,,40.478702,29.0633127,n13872728204,False
TR_BURSA_KURSUNLU_YAT_LIMANI,Kurşunlu Yat Limanı,MARINA,Bursa,,,40.3645245,29.0329387,w1165497962,False
TR_BURSA_TIRILYE_LIMANI,Tirilye Limanı,MARINA,Bursa,,,40.3927331,28.8007944,n11865648199,False
TR_DUZCE_AKCAKOCA_LIMAN_VE_BALIKCI_BARI,Akçakoca Liman ve Balıkçı Barınağı Proje Sahası,FISHING_HARBOR,Düzce,,,41.0945059,31.166623,w1515395082,False
TR_DUZCE_AKCAKOCA_LIMANI,Akçakoca Limanı,MARINA,Düzce,,,41.090661,31.1218845,n2798560812,False
TR_EDIRNE_YAYLA_SAHILI_BALIKCI_BARINAGI,Yayla Sahili Balıkçı Barınağı,FISHING_HARBOR,Edirne,,,40.6066549,26.374832,w810882234,False
TR_EDIRNE_IBRICE_LIMANI,İbrice Limanı,MARINA,Edirne,,,40.6025458,26.5423278,n2313378433,False
TR_GIRESUN_BALIKCI_BARINAGI,Balıkçı Barınağı,FISHING_HARBOR,Giresun,,,40.9160979,38.3778717,w1529903622,False
TR_GIRESUN_PORT_OF_GIRESUN,Port of Giresun,MARINA,Giresun,,,40.919414,38.3775934,n825452156,False
TR_HATAY_DORTYOL_BALIKCI_BARINAGI,Dörtyol Balıkçı Barınağı,FISHING_HARBOR,Hatay,,,36.8214891,36.171193,w144117154,False
TR_HATAY_CEVLIK_BALIKCI_BARINAGI,Çevlik Balıkçı Barınağı,FISHING_HARBOR,Hatay,,,36.1257989,35.914537,w494790907,False
TR_HATAY_ISKENDERUN_BALIKCI_BARINAGI,İskenderun Balıkçı Barınağı,FISHING_HARBOR,Hatay,,,36.5932549,36.1780583,n12293440861,False
TR_HATAY_KONACIK,Konacik,MARINA,Hatay,,,36.3605045,35.818584,n1519722167,False
TR_HATAY_MADENLI_YAT_LIMANI,Madenli Yat Limanı,MARINA,Hatay,,,36.4819396,35.9867022,n13525024638,False
TR_HATAY_PORT_OF_ISKENDERUN,Port of Iskenderun,MARINA,Hatay,,,36.6002287,36.1868078,n846566255,False
TR_ISPARTA_MARINA_W371771418,Marina (Isparta),MARINA,Isparta,,,37.8825053,30.8697875,w371771418,True
TR_ISPARTA_MARINA_W372832543,Marina (Isparta),MARINA,Isparta,,,37.8755833,30.8555613,w372832543,True
TR_KASTAMONU_ABANA_LIMANI,Abana Limanı,MARINA,Kastamonu,,,41.9808149,34.0212464,w1060305848,False
TR_KASTAMONU_PORT_OF_INEBOLU,Port of Inebolu,MARINA,Kastamonu,,,41.9799367,33.7713724,n837534809,False
TR_KASTAMONU_ILISI_LIMANI,İlişi Limanı,MARINA,Kastamonu,,,41.9786414,33.9658091,w1060306523,False
TR_KOCAELI_DEGIRMENDERE_BALIKCI_BARINAGI,Değirmendere Balıkçı Barınağı,FISHING_HARBOR,Kocaeli,,41,40.7189073,29.7721384,w1428949158,False
TR_KOCAELI_KERPE_BALIKCI_BARINAGI,Kerpe Balıkçı Barınağı,FISHING_HARBOR,Kocaeli,,41,41.1543683,30.1960338,w1072583541,False
TR_KOCAELI_ALEMDAR_LIMANI,Alemdar Limanı,MARINA,Kocaeli,,41,40.7679426,29.5380285,n823480818,False
TR_KOCAELI_BAYRAMOGLU_MARINA_YAT_LIMANI,Bayramoğlu Marina Yat Limanı,MARINA,Kocaeli,,41,40.790774,29.3431709,n5293882355,False
TR_KOCAELI_EREGLI_LIMANI,Ereğli Limanı,MARINA,Kocaeli,,41,40.7017927,29.6585893,w307287753,False
TR_KOCAELI_HALIDERE_TEKNE_VE_YAT_BARINAGI,Halıdere Tekne ve Yat Barınağı,MARINA,Kocaeli,,41,40.7169959,29.7580111,w1307036092,False
TR_KOCAELI_HEREKE_YAT_VE_TEKNE_LIMANI,Hereke Yat ve Tekne Limanı,MARINA,Kocaeli,,41,40.7831435,29.6182018,n11544754703,False
TR_KOCAELI_KEFKEN_LIMANI,Kefken Limanı,MARINA,Kocaeli,,41,41.1685359,30.2253353,n4387190657,False
TR_KOCAELI_MARINA_N9795147416,Marina (Kocaeli),MARINA,Kocaeli,,41,40.791699,29.3430137,n9795147416,True
TR_KOCAELI_MARINA_W457940152,Marina (Kocaeli),MARINA,Kocaeli,,41,40.7687995,29.427221,w457940152,True
TR_KOCAELI_TAVSANCIL_SANDAL_KAYIK_BARINAG,Tavşancıl Sandal & Kayık Barınağı,MARINA,Kocaeli,,41,40.7672492,29.5687469,w1307536808,False
TR_KOCAELI_ULASLI_LIMANI,Ulaşlı Limanı,MARINA,Kocaeli,,41,40.706171,29.6895353,n3125448320,False
TR_KOCAELI_YARIMCA_YAT_TEKNE_BARINAGI,Yarımca Yat&Tekne Barınağı,MARINA,Kocaeli,,41,40.7716306,29.732815,w1250922164,False
TR_KOCAELI_IZMIT_YAT_LIMANI,İzmit Yat Limanı,MARINA,Kocaeli,,41,40.7606042,29.9146439,n1295456134,False
TR_KIRKLARELI_MARINA_N5717951579,Marina (Kırklareli),MARINA,Kırklareli,,,41.6320759,28.0968153,n5717951579,True
TR_KIRKLARELI_IGNEADA_LIMANI,İğneada Limanı,MARINA,Kırklareli,,,41.889028,28.027035,n7956652844,False
TR_MERSIN_KARADUVAR_BALIKCI_BARINAGI,Karaduvar Balıkçı Barınağı,FISHING_HARBOR,Mersin,,33,36.8060457,34.6946421,w1461183505,False
TR_MERSIN_BOZYAZI_LIMANI_YOGUN_DUVAR,Bozyazı Limanı(Yoğun Duvar),MARINA,Mersin,,33,36.0975719,32.9390979,w424541896,False
TR_MERSIN_ERDEMLI_MARINA,Erdemli Marina,MARINA,Mersin,,33,36.6060594,34.3241965,w666515136,False
TR_MERSIN_KUMKUYU_MARINA,Kumkuyu Marina,MARINA,Mersin,,33,36.5292447,34.2289111,w420260862,False
TR_MERSIN_MERSIN_MARINA,Mersin Marina,MARINA,Mersin,,33,36.7697792,34.5714747,w666515133,False
TR_MERSIN_MERSIN_CAMLIBEL_YAT_LIMANI,Mersin Çamlıbel Yat Limanı,MARINA,Mersin,Akdeniz,33,36.7903915,34.6260786,w310022377,False
TR_MUGLA_TURGUTREIS_BALIKCI_BARINAGI,Turgutreis Balıkçı Barınağı,FISHING_HARBOR,Muğla,,48,37.0064256,27.2558823,n5661587921,False
TR_MUGLA_ADAKOY_MARINA,Adaköy Marina,MARINA,Muğla,Mugla,48,36.8182952,28.2929305,n1910041387,False
TR_MUGLA_BODRUM_YACHTING,Bodrum Yachting,MARINA,Muğla,,48,37.0339103,27.4279026,n4997568976,False
TR_MUGLA_BOZBURUN_MARINA,Bozburun Marina,MARINA,Muğla,,48,36.6920522,28.0426194,n1368367532,False
TR_MUGLA_CLUB_MARINA_GOCEK,Club Marina Göcek,MARINA,Muğla,,48,36.7493755,28.9250055,n416869607,False
TR_MUG_GOCEK,D-Marin Göcek,MARINA,Muğla,,48,36.7479365,28.9413775,n345863895,True
TR_MUG_TURGUTREIS,D-Marin Turgutreis,MARINA,Muğla,Muğla,48,37.0017066,27.2568718,w223043558,True
TR_MUGLA_DATCA_LIMANI,Datça Limanı,MARINA,Muğla,,48,36.7226533,27.6899918,n5757899923,False
TR_MUGLA_ECE_MARINA,Ece Marina,MARINA,Muğla,,48,36.6251378,29.0998022,n2084529717,False
TR_MUGLA_EGESU_GULLUK_MARINA,Egesu Güllük Marina,MARINA,Muğla,,48,37.2289134,27.5874849,w1529194058,False
TR_MUGLA_GERME_LIMANI,Germe Limanı,MARINA,Muğla,,48,36.7031504,28.0434954,n27678130,False
TR_MUGLA_GOKOVA_OREN_MARINA,Gökova Ören Marina,MARINA,Muğla,,48,37.0298075,27.9839837,n11446362429,False
TR_MUGLA_KAIROS_MARINA,Kairos Marina,MARINA,Muğla,,48,36.7699935,27.6172663,w1474280309,False
TR_MUGLA_KAPI_CREEK,Kapi Creek,MARINA,Muğla,,48,36.6432986,28.8940665,n6478196885,False
TR_MUGLA_KARACASOGUT,Karacasöğüt,MARINA,Muğla,,48,36.9417641,28.1866439,n11299755471,False
TR_MUGLA_KUMLUBUKU_YACHT_CLUB_HOLLANDAL,Kumlubükü Yacht Club Hollandali Ahmet'in Yeri,MARINA,Muğla,,48,36.745065,28.2744034,n420311141,False
TR_MUGLA_MAI_SUN_CITY,Mai Sun City,MARINA,Muğla,,48,36.6212809,29.093686,n11310590659,False
TR_MUGLA_MANDALYA_BUTIK_MARINA,Mandalya Butik Marina,MARINA,Muğla,,48,37.3325073,27.4772712,n13525153226,False
TR_MUGLA_MARINA,Marina,MARINA,Muğla,,48,37.0202013,27.3469029,n2052404235,False
TR_MUGLA_MARINA_N2209147329,Marina (Muğla),MARINA,Muğla,,48,36.6366087,29.120935,n2209147329,True
TR_MUGLA_MARINA_N12919376691,Marina (Muğla),MARINA,Muğla,,48,36.9861604,27.4508733,n12919376691,True
TR_MUGLA_MARINA_N2209147325,Marina (Muğla),MARINA,Muğla,,48,36.6227122,29.1077493,n2209147325,True
TR_MUGLA_MARINA_N2209147332,Marina (Muğla),MARINA,Muğla,,48,36.640464,29.1208331,n2209147332,True
TR_MUGLA_MARINA_N2209147362,Marina (Muğla),MARINA,Muğla,,48,36.6233404,29.1115458,n2209147362,True
TR_MUGLA_MARINA_N7466797228,Marina (Muğla),MARINA,Muğla,,48,36.6478234,29.1229082,n7466797228,True
TR_MUGLA_MARINA_N1158196569,Marina (Muğla),MARINA,Muğla,,48,36.8203845,28.3083469,n1158196569,True
TR_MUGLA_MARINA_N2209147346,Marina (Muğla),MARINA,Muğla,,48,36.6233323,29.1055512,n2209147346,True
TR_MUGLA_MARINA_N2209147356,Marina (Muğla),MARINA,Muğla,,48,36.6591443,29.1110752,n2209147356,True
TR_MUGLA_MARINA_N2209147367,Marina (Muğla),MARINA,Muğla,,48,36.6224043,29.0986663,n2209147367,True
TR_MUGLA_MARINA_N2209147398,Marina (Muğla),MARINA,Muğla,,48,36.653765,29.1148839,n2209147398,True
TR_MUGLA_MARINA_N2292435702,Marina (Muğla),MARINA,Muğla,,48,36.8358373,28.6414648,n2292435702,True
TR_MUGLA_MARINA_N12269219407,Marina (Muğla),MARINA,Muğla,,48,36.9556302,28.6937886,n12269219407,True
TR_MUGLA_MARINA_N12269219408,Marina (Muğla),MARINA,Muğla,,48,36.9560471,28.6892466,n12269219408,True
TR_MUGLA_MARINA_N2422073265,Marina (Muğla),MARINA,Muğla,,48,37.0052969,27.7931905,n2422073265,True
TR_MUGLA_MARINA_N2422073269,Marina (Muğla),MARINA,Muğla,,48,37.0052798,27.7914846,n2422073269,True
TR_MUGLA_MARINA_N417746556,Marina (Muğla),MARINA,Muğla,,48,36.8286955,28.5487065,n417746556,True
TR_MUGLA_MARINA_N1792928435,Marina (Muğla),MARINA,Muğla,,48,36.7060786,28.0995976,n1792928435,True
TR_MUGLA_MARINA_N2422064808,Marina (Muğla),MARINA,Muğla,,48,36.9175889,28.1700516,n2422064808,True
TR_MUGLA_MARINA_N2422073267,Marina (Muğla),MARINA,Muğla,,48,37.0282467,28.0997777,n2422073267,True
TR_MUGLA_MARINA_N2422073268,Marina (Muğla),MARINA,Muğla,,48,37.0294137,28.0976346,n2422073268,True
TR_MUGLA_MARINA_N8151886357,Marina (Muğla),MARINA,Muğla,,48,37.0507332,28.3100188,n8151886357,True
TR_MUGLA_MARINA_W410960046,Marina (Muğla),MARINA,Muğla,,48,37.0271508,27.3956221,w410960046,True
TR_MUGLA_MARINTURK_GOCEK_VILLAGE,Marintürk Göcek Village,MARINA,Muğla,,48,36.7545452,28.9327751,n2176859686,False
TR_MUGLA_MARMARIS_ALBATROS_MARINA,Marmaris Albatros Marina,MARINA,Muğla,,48,36.8445419,28.2846628,n1367538191,False
TR_MUGLA_MARMARIS_YACHT_MARINA_A_S,Marmaris Yacht Marina A.Ş,MARINA,Muğla,,48,36.8194473,28.3077373,n1002217357,False
TR_MUG_MARTI,Marti Marina,MARINA,Muğla,,48,36.7704747,28.1267685,n648207972,False
TR_MUGLA_MARTI_MARINA_JETTY,Marti Marina Jetty,MARINA,Muğla,,48,36.9402336,28.1885757,n335728199,False
TR_MUG_MILTA,Milta Bodrum Marina,MARINA,Muğla,,48,37.0340431,27.4242903,w503660939,True
TR_MUGLA_MUNICIPALITY_MARINA,Municipality Marina,MARINA,Muğla,,48,36.7518108,28.9402871,n3658056585,False
TR_MUGLA_MY_MARINA_YACHT_CLUB,My Marina Yacht Club,MARINA,Muğla,,48,36.8240077,28.5656482,n416863897,False
TR_MUG_NETSEL,Netsel Marina Marmaris,MARINA,Muğla,,48,36.8514442,28.2790465,n270976932,True
TR_MUGLA_PALAMUTBUKU_LIMAN,Palamutbükü Liman,MARINA,Muğla,,48,36.6690772,27.5030816,n497586489,False
TR_MUGLA_PLUS_WATERSPORTS,Plus Watersports,MARINA,Muğla,,48,37.0288696,27.395941,w410960043,False
TR_MUG_ECE_FETHIYE,Port of Fethiye,MARINA,Muğla,,48,36.6232258,29.1043551,n537964877,False
TR_MUGLA_SELIMIYE,Selimiye,MARINA,Muğla,,48,36.7079538,28.0929289,n1424956397,False
TR_MUGLA_SETUR_MARINAS_GOCEK_EXCLUSIVE,Setur Marinas Göcek Exclusive Marina,MARINA,Muğla,,48,36.7434612,28.9265876,n13524615179,False
TR_MUGLA_SKOPEA_MARINA_GOCEK,Skopea Marina Göcek,MARINA,Muğla,,48,36.7539091,28.9388268,n3658056586,False
TR_MUG_YALIKAVAK,Yalıkavak Marina,MARINA,Muğla,,48,37.1050477,27.285215,w163314859,True
TR_MUGLA_YES_MARINA,Yes Marina,MARINA,Muğla,,48,36.6212658,29.0926602,n2209147343,False
TR_MUGLA_IASOS_YAT_LIMANI,İasos Yat Limanı,MARINA,Muğla,,48,37.2493706,27.5344432,w647322837,False
TR_ORDU_KISLAONU_BALIKCI_BARINAGI,Kışlaönü Balıkçı Barınağı,FISHING_HARBOR,Ordu,,,41.0825248,37.776784,n1892348044,False
TR_ORDU_YALIKOY_BALIKCI_BARINAGI,Yalıköy Balıkçı Barınağı,FISHING_HARBOR,Ordu,Fatsa,,41.0516683,37.6111625,n1892347698,False
TR_ORDU_PORT_OF_FATSA,Port of Fatsa,MARINA,Ordu,,,41.0459296,37.4913483,n824410784,False
TR_RIZE_CUMHURTIYET_KAYIKHANE,Cumhurtiyet Kayıkhane,MARINA,Rize,,,41.0482911,40.5855951,w544781524,False
TR_SAMSUN_BALIKCI_BARINAGI,Balıkçı Barınağı,FISHING_HARBOR,Samsun,,55,41.2665335,36.3798214,n4896114879,False
TR_SAMSUN_MARINA_N6216756836,Marina (Samsun),MARINA,Samsun,,55,41.366717,36.2331872,n6216756836,True
TR_SAMSUN_MARINA_N5541521499,Marina (Samsun),MARINA,Samsun,,55,41.7341292,35.9583753,n5541521499,True
TR_SAMSUN_PORT_OF_SAMSUN,Port of Samsun,MARINA,Samsun,,55,41.3091266,36.3514177,n846259421,False
TR_SAMSUN_TERME_LIMAN,Terme Liman,MARINA,Samsun,,55,41.1982168,37.0278996,n4291281311,False
TR_SAMSUN_YELKEN_KULUBU,Yelken Kulübü,MARINA,Samsun,,55,41.3188928,36.3338811,w181487836,False
TR_SAMSUN_YESILYURT_LIMAN_ISLETMELERI,Yeşilyurt Liman İşletmeleri,MARINA,Samsun,,55,41.2499793,36.4443478,n4275784708,False
TR_SINOP_AKLIMAN,Akliman,MARINA,Sinop,,,42.0499647,35.0407451,w115752998,False
TR_SINOP_MARINA_W305950484,Marina (Sinop),MARINA,Sinop,,,42.0230657,35.1465677,w305950484,True
TR_SINOP_MARINA_N3191499008,Marina (Sinop),MARINA,Sinop,,,41.7995755,35.201838,n3191499008,True
TR_SINOP_MARINA_W231659155,Marina (Sinop),MARINA,Sinop,,,41.9618274,34.4137658,w231659155,True
TR_SINOP_MARINA_W231659157,Marina (Sinop),MARINA,Sinop,,,41.9603724,34.4128715,w231659157,True
TR_SINOP_SINOP_LIMANI,Sinop Limanı,MARINA,Sinop,,,42.023269,35.1488193,n876692557,False
TR_TEKIRDAG_KUMBAG_BALIKCI_BARINAGI_YANI_H,Kumbağ Balıkçı Barınağı Yanı Halk Plajı,FISHING_HARBOR,Tekirdağ,,,40.8671845,27.4598857,n12006187952,False
TR_TRABZON_BALIKCI_BARINAGI,Balıkçı Barınağı,FISHING_HARBOR,Trabzon,,61,40.9965744,39.6599298,w1365564562,False
TR_TRABZON_TRABZON_LIMANI,Trabzon Limanı,MARINA,Trabzon,,61,41.0052442,39.741102,n849482604,False
TR_TRABZON_TRABZON_YAT_LIMANI,Trabzon Yat Limanı,MARINA,Trabzon,,61,41.0016712,39.7826581,w467870533,False
TR_TRABZON_CAMBURNU_LIMANI,Çamburnu Limanı,MARINA,Trabzon,,61,40.9229689,40.2038347,n1445543117,False
TR_YALOVA_ARMUTLU_DEVLET_LIMANI,Armutlu Devlet Limanı,MARINA,Yalova,,77,40.5093416,28.8252553,n12451494394,False
TR_YAL_SETUR,Setur Yalova Yat Limanı,MARINA,Yalova,,77,40.6607997,29.2761805,w1320756779,True
TR_ZONGULDAK_BALIKCI_BARINAGI_SOKAK,Balıkçı Barınağı Sokak,FISHING_HARBOR,Zonguldak,,,41.2839064,31.412667,w233213904,False
TR_ZONGULDAK_PORT_OF_ZONGULDAK,Port of Zonguldak,MARINA,Zonguldak,,,41.4569,31.7847,n847516911,False
TR_CANAKKALE_LAPSEKI_LIMANI,Lapseki Limanı,MARINA,Çanakkale,,17,40.3525171,26.6923088,n5506911303,False
TR_CANAKKALE_MARINA_N3952149220,Marina (Çanakkale),MARINA,Çanakkale,,17,39.4703402,26.2131697,n3952149220,True
TR_CANAKKALE_MARINA_W942471809,Marina (Çanakkale),MARINA,Çanakkale,,17,39.4669262,26.2350893,w942471809,True
TR_CANAKKALE_ICDAS_LIMANI,İçdaş Limanı,MARINA,Çanakkale,,17,40.4550085,27.3005458,n837534805,False
TR_ISTANBUL_BALIKCI_BARINAGI,Balıkçı Barınağı,FISHING_HARBOR,İstanbul,,34,41.003731,28.959437,n11514147474,False
TR_ISTANBUL_BALIKCI_BARINAGI_W307166772,Balıkçı Barınağı,FISHING_HARBOR,İstanbul,,34,41.1684805,29.0582865,w307166772,False
TR_IST_ATAKOY,Ataköy Marina,MARINA,İstanbul,,34,40.9711137,28.8759343,w242413873,True
TR_ISTANBUL_BOSTANCI_KAYIKCI_LIMANI,Bostancı Kayıkçı Limanı,MARINA,İstanbul,,34,40.9538886,29.0839006,w236818436,False
TR_ISTANBUL_CADDEBOSTAN_MARINA,Caddebostan Marina,MARINA,İstanbul,,34,40.9625207,29.0675638,w672454353,False
TR_ISTANBUL_GUZELCE_MARINA,Güzelce Marina,MARINA,İstanbul,,34,40.9993687,28.5088576,n12749956817,False
TR_ISTANBUL_KIYI_ISTANBUL_MARINA,Kıyı İstanbul Marina,MARINA,İstanbul,,34,41.0171017,28.5780306,w1474208795,False
TR_ISTANBUL_MARINA_N1032891854,Marina (İstanbul),MARINA,İstanbul,,34,41.0129566,29.0111213,n1032891854,True
TR_ISTANBUL_MARINA_N1032891888,Marina (İstanbul),MARINA,İstanbul,,34,41.0181482,29.0084613,n1032891888,True
TR_ISTANBUL_MARINA_W1032892281,Marina (İstanbul),MARINA,İstanbul,,34,40.8156116,29.3192583,w1032892281,True
TR_ISTANBUL_MARINA_W1243524825,Marina (İstanbul),MARINA,İstanbul,,34,40.9738308,28.8774374,w1243524825,True
TR_ISTANBUL_MARINA_W1243524826,Marina (İstanbul),MARINA,İstanbul,,34,40.9687379,28.8705638,w1243524826,True
TR_ISTANBUL_MARINA_W1243542165,Marina (İstanbul),MARINA,İstanbul,,34,40.9706326,28.7170334,w1243542165,True
TR_ISTANBUL_MARINA_N1757661826,Marina (İstanbul),MARINA,İstanbul,,34,40.9141368,29.0511562,n1757661826,True
TR_ISTANBUL_MARINA_N11476500127,Marina (İstanbul),MARINA,İstanbul,,34,41.3440819,28.685387,n11476500127,True
TR_ISTANBUL_MARINTURK_ISTANBUL_CITY_PORT,Marintürk İstanbul City Port,MARINA,İstanbul,İstanbul,34,40.871078,29.23616,w242415638,False
TR_ISTANBUL_PENDIK_MARINA,Pendik Marina,MARINA,İstanbul,,34,40.871703,29.2336795,w547497947,False
TR_ISTANBUL_PORT_OF_ISTANBUL,Port of Istanbul,MARINA,İstanbul,,34,41.01277,28.999,n846568267,False
TR_ISTANBUL_POYRAZKOY_LIMANI,Poyrazköy Limanı,MARINA,İstanbul,,34,41.2058986,29.1292946,n1817156501,False
TR_IST_FENERBAHCE,Setur Fenerbahçe Marina,MARINA,İstanbul,,34,40.9719485,29.0360188,w236778445,True
TR_IST_KALAMIS,Setur Kalamış Marina,MARINA,İstanbul,,34,40.9763913,29.037899,w242312415,True
TR_ISTANBUL_TARABYA_MARINA,Tarabya Marina,MARINA,İstanbul,,34,41.1382145,29.0560058,w307333538,False
TR_IST_VIAPORT,Viaport Marina (Tuzla),MARINA,İstanbul,,34,40.836,29.296,,True
TR_IST_WEST,West İstanbul Marina,MARINA,İstanbul,,34,40.9622947,28.6595261,w321188121,True
TR_ISTANBUL_YESILKOY_MARINA,Yeşilköy Marina,MARINA,İstanbul,,34,40.9560199,28.8235739,w1243524827,False
TR_ISTANBUL_ZEYTINBURNU_LIMANI,Zeytinburnu Limanı,MARINA,İstanbul,,34,40.98027,28.8955,n847516910,False
TR_ISTANBUL_ISTINYE_MARINA,İstinye Marina,MARINA,İstanbul,Sarıyer,34,41.113704,29.0570585,w307333614,False
TR_IZMIR_ALIAGA_BALIKCI_BARINAGI,Aliağa Balıkçı Barınağı,FISHING_HARBOR,İzmir,,35,38.8044961,26.9751645,n1725711085,False
TR_IZMIR_BALIKCI_BARINAGI,Balıkçı Barınağı,FISHING_HARBOR,İzmir,,35,38.7419041,26.8386699,w1400447186,False
TR_IZMIR_BALIKCI_BARINAGI_N6433566686,Balıkçı Barınağı,FISHING_HARBOR,İzmir,,35,38.4660508,27.0795894,n6433566686,False
TR_IZMIR_FISH_N1233868855,Balıkçı Barınağı (İzmir),FISHING_HARBOR,İzmir,,35,38.6697471,26.7550973,n1233868855,True
TR_IZMIR_2_LIMAN,2. Liman,MARINA,İzmir,Izmir,35,38.3741703,26.8648754,n3655599279,False
TR_IZMIR_BOSTANLI_BARINAGI,Bostanlı Barınağı,MARINA,İzmir,,35,38.453818,27.0950656,w384704707,False
TR_IZMIR_BUYUKLIMAN,Büyükliman,MARINA,İzmir,,35,38.3325425,26.3873743,n8376672515,False
TR_IZMIR_DIKILI_LIMANI,Dikili Limanı,MARINA,İzmir,,35,39.0702238,26.8865001,n824169569,False
TR_IZM_ALACATI,Marin Alaçatı Yat Limanı,MARINA,İzmir,,35,38.2534268,26.3841059,w1474160859,True
TR_IZMIR_MARINA_W1080995739,Marina (İzmir),MARINA,İzmir,,35,38.4109368,26.4846227,w1080995739,True
TR_IZMIR_MARINA_N1335924871,Marina (İzmir),MARINA,İzmir,,35,37.941989,27.2770713,n1335924871,True
TR_IZMIR_MORDOGAN_LIMANI,Mordoğan Limanı,MARINA,İzmir,,35,38.5126474,26.6322726,w950793533,False
TR_IZMIR_OASIS_MARINA_YENI_FOCA,Oasis Marina Yeni Foça,MARINA,İzmir,,35,38.7438087,26.841035,w1227768506,False
TR_IZMIR_PASALIMANI,Paşalimanı,MARINA,İzmir,,35,38.3372412,26.387632,n8376672513,False
TR_IZM_CESME,Setur Çeşme Marina,MARINA,İzmir,,35,38.3235526,26.3447353,w1474151117,True
TR_IZMIR_TEOS_MARINA,Teos Marina,MARINA,İzmir,,35,38.1930695,26.7821782,w1474164758,False
TR_IZMIR_URLA_YAT_LIMANI,Urla Yat Limanı,MARINA,İzmir,,35,38.3646412,26.7716186,n13525013512,False
TR_IZMIR_CESME_MARINA,Çeşme Marina,MARINA,İzmir,,35,38.3215544,26.3013137,r15615347,False
TR_IZMIR_OZDERE_LIMANI,Özdere Limanı,MARINA,İzmir,,35,38.0100707,27.1054192,w457192244,False
TR_IZM_LEVENT,İzmir Levent Marina,MARINA,İzmir,,35,38.386,27.048,,True
TR_IZMIR_IZMIR_MARINA,İzmir Marina,MARINA,İzmir,,35,38.4063219,27.0684458,n8441117951,False
TR_IZMIR_IZMIR_MARINA_N10128661049,İzmir Marina,MARINA,İzmir,,35,38.4117395,27.0407847,n10128661049,False
